open_time,close_time,direction,entry,exit,lots,pnl,reason,had_partial,balance_after
2023-08-20 16:00:00,2023-08-20 20:00:00,SELL,26078.87,26176.49520815199,1.02,-109.35951231503226,SL,False,9890.640487684968
2023-08-21 08:00:00,2023-08-21 13:45:00,SELL,25997.67,26091.250747675265,1.05,-108.32928505903041,SL,False,9782.311202625939
2023-08-21 17:00:00,2023-08-21 19:30:00,SELL,26008.36,26131.374956706542,0.79,-104.52881579816807,SL,False,9677.78238682777
2023-08-22 15:00:00,2023-08-22 16:00:00,SELL,25991.89,25867.819514445644,1.17,134.2931680985958,TP,False,9812.075554926367
2023-08-22 16:15:00,2023-08-22 16:30:00,SELL,25847.19,25930.79411010508,1.17,-111.98550882294313,SL,False,9700.090046103423
2023-08-22 16:45:00,2023-08-22 17:15:00,SELL,26007.88,25882.473834842385,1.16,133.56955158283426,TP,False,9833.659597686257
2023-08-22 17:30:00,2023-08-22 18:00:00,SELL,25759.78,25848.393816526142,1.1,-110.323198178758,SL,False,9723.3363995075
2023-08-22 18:15:00,2023-08-22 18:30:00,SELL,25835.94,25936.90140105999,0.96,-107.33894501759112,SL,False,9615.997454489909
2023-08-22 18:45:00,2023-08-22 21:15:00,SELL,25892.64,25887.64,0.95,65.61085578947367,SL,True,9681.608310279384
2023-08-25 08:00:00,2023-08-25 13:00:00,SELL,26027.8,26141.201647265567,0.85,-104.25390017573244,SL,False,9577.354410103651
2023-08-26 10:00:00,2023-08-27 14:00:00,SELL,25990.38,26075.662744444933,1.12,-109.39347377832405,SL,False,9467.960936325328
2023-08-28 08:00:00,2023-08-28 11:45:00,SELL,25897.67,25963.665038257586,1.43,-108.90170470835088,SL,False,9359.059231616977
2023-09-03 15:00:00,2023-09-03 18:15:00,SELL,25879.54,25956.743954125897,1.21,-104.82708449233465,SL,False,9254.232147124641
2023-09-04 11:00:00,2023-09-04 15:00:00,SELL,25899.61,25779.122122496017,1.15,146.47311938709294,TP,True,9400.705266511735
2023-09-04 16:00:00,2023-09-04 17:15:00,SELL,25823.69,25909.82815831584,1.09,-106.45829256426558,SL,False,9294.246973947469
2023-09-04 17:30:00,2023-09-04 21:15:00,SELL,25870.73,25726.66077948865,0.96,133.45642584544714,TP,True,9427.703399792916
2023-09-05 10:00:00,2023-09-05 14:30:00,SELL,25764.94,25611.48887871638,0.92,130.1207157904646,TP,True,9557.82411558338
2023-09-06 10:00:00,2023-09-06 14:00:00,SELL,25755.02,25633.65514190254,1.18,149.4457216381362,TP,True,9707.269837221516
2023-09-06 14:15:00,2023-09-06 17:00:00,SELL,25568.36,25563.36,1.23,82.01682276422764,SL,True,9789.286659985744
2023-09-06 17:15:00,2023-09-06 17:45:00,SELL,25606.68,25699.5394734638,1.05,-110.83744713698903,SL,False,9678.449212848755
2023-09-06 18:00:00,2023-09-06 18:15:00,SELL,25813.17,25808.17,0.92,62.792300000000004,SL,True,9741.241512848754
2023-09-06 18:30:00,2023-09-07 03:30:00,SELL,25697.95,25802.274511073527,0.93,-107.70749529837926,SL,False,9633.534017550375
2023-09-07 14:00:00,2023-09-07 14:45:00,SELL,25659.18,25742.291565033083,1.15,-108.34329978804547,SL,False,9525.190717762329
2023-09-07 15:00:00,2023-09-07 16:30:00,SELL,25769.22,25858.225738959292,1.07,-106.38554068644159,SL,False,9418.805177075887
2023-09-10 11:00:00,2023-09-10 14:45:00,SELL,25815.49,25735.66455472082,1.76,111.80478369135805,TP,False,9530.609960767244
2023-09-10 15:00:00,2023-09-10 16:45:00,SELL,25744.0,25666.119223172147,1.83,110.95432159497093,TP,False,9641.564282362215
2023-09-10 17:00:00,2023-09-10 19:30:00,SELL,25711.65,25626.132110796396,1.69,116.30223275409345,TP,False,9757.866515116308
2023-09-10 19:45:00,2023-09-10 20:00:00,SELL,25781.18,25844.997222025202,1.52,-121.99097747830669,SL,False,9635.875537638001
2023-09-11 11:00:00,2023-09-11 14:00:00,SELL,25674.28,25527.371810090743,0.98,136.49596305553553,TP,True,9772.371500693538
2023-09-11 15:00:00,2023-09-11 16:00:00,SELL,25042.86,25178.680454098958,0.71,-108.80782241025965,SL,False,9663.563678283279
2023-09-11 16:15:00,2023-09-11 17:45:00,SELL,25188.78,25183.78,0.61,38.69402131147541,SL,True,9702.257699594755
2023-10-29 16:00:00,2023-10-29 17:30:00,BUY,34407.8,34582.342181626416,0.83,128.48903556020204,TP,True,9830.746735154957
2023-10-29 17:45:00,2023-10-29 18:30:00,BUY,34558.77,34737.11452579595,0.82,126.73695557634106,TP,True,9957.483690731298
2023-10-29 19:00:00,2023-10-29 21:45:00,BUY,34591.65,34459.30493245063,0.75,-108.5663006620299,SL,False,9848.917390069268
2023-10-30 10:00:00,2023-10-30 12:15:00,BUY,34457.69,34696.747684717826,0.61,114.06120521334498,TP,True,9962.978595282611
2023-10-30 14:00:00,2023-10-30 14:15:00,BUY,34788.92,34610.34738653641,0.55,-104.60593740497536,SL,False,9858.372657877637
2023-10-30 14:30:00,2023-10-30 16:15:00,BUY,34545.92,34550.92,0.55,37.262989090909095,SL,True,9895.635646968547
2023-10-30 16:30:00,2023-10-30 17:00:00,BUY,34383.44,34194.079940431904,0.52,-103.73483097541109,SL,False,9791.900815993136
2023-11-01 09:00:00,2023-11-01 12:45:00,BUY,34442.09,34447.09,0.71,48.53796901408451,SL,True,9840.438785007222
2023-11-01 14:00:00,2023-11-01 14:45:00,BUY,34592.26,34440.63213385054,0.64,-103.96023433565777,SL,False,9736.478550671563
2023-11-05 13:00:00,2023-11-05 13:45:00,BUY,35092.29,34957.588072938255,0.72,-103.24218748445688,SL,False,9633.236363187107
2023-11-05 19:00:00,2023-11-05 21:15:00,BUY,35108.47,34949.4036975321,0.6,-102.96978148074093,SL,False,9530.266581706366
2023-11-08 18:00:00,2023-11-08 19:00:00,BUY,35413.1,35666.44616262567,0.56,108.3841255351872,TP,True,9638.650707241553
2023-11-09 11:00:00,2023-11-09 13:45:00,BUY,36658.01,37052.50552716315,0.36,95.99769488936663,TP,True,9734.64840213092
2023-11-09 14:00:00,2023-11-09 15:15:00,BUY,37549.35,37554.35,0.38,28.22165,SL,True,9762.870052130922
2023-11-09 15:30:00,2023-11-09 15:45:00,BUY,37359.36,37064.55896308298,0.33,-101.2542421826174,SL,False,9661.615809948305
2023-11-09 16:00:00,2023-11-09 16:30:00,BUY,36531.66,36222.29189429134,0.31,-96.67601276968618,SL,False,9564.939797178618
2023-11-09 16:45:00,2023-11-09 17:00:00,BUY,36304.79,36309.79,0.3,20.39925,SL,True,9585.339047178619
2023-11-10 12:00:00,2023-11-10 14:00:00,BUY,36862.79,36867.79,0.31,20.350877419354838,SL,True,9605.689924597973
2023-11-10 14:15:00,2023-11-10 15:30:00,BUY,36980.43,36985.43,0.3,20.70525,SL,True,9626.395174597974
2023-11-10 15:45:00,2023-11-10 16:00:00,BUY,37055.64,37060.64,0.3,20.766000000000002,SL,True,9647.161174597974
2023-11-10 16:15:00,2023-11-10 20:00:00,BUY,37407.62,37094.88242087488,0.3,-97.55027373753755,SL,False,9549.610900860436
2023-11-11 15:00:00,2023-11-11 20:30:00,BUY,37156.61,36973.51125036636,0.52,-101.05094980949195,SL,False,9448.559951050944
2023-11-12 15:00:00,2023-11-12 23:15:00,BUY,37056.27,36913.14252891731,0.66,-99.44053091457128,SL,False,9349.119420136372
2023-11-20 12:00:00,2023-11-20 14:00:00,BUY,37131.07,36948.69394393338,0.51,-100.50368859397602,SL,False,9248.615731542397
2023-11-20 16:00:00,2023-11-20 17:00:00,BUY,37421.35,37177.06686986363,0.37,-91.87955815045669,SL,False,9156.73617339194
2023-11-20 17:15:00,2023-11-20 17:30:00,BUY,37027.57,37032.57,0.35,25.079265714285714,SL,True,9181.815439106227
2023-11-20 17:45:00,2023-11-20 18:15:00,BUY,37590.59,37334.583522016226,0.35,-94.8697672943196,SL,False,9086.945671811907
2023-11-20 19:00:00,2023-11-20 20:00:00,BUY,37502.15,37507.15,0.29,18.94748965517242,SL,True,9105.893161467078
2023-11-23 09:00:00,2023-11-23 10:15:00,BUY,37471.01,37476.01,0.36,24.66,SL,True,9130.553161467078
2023-11-23 10:30:00,2023-11-23 11:15:00,BUY,37469.72,37227.0866851251,0.37,-94.27352650371432,SL,False,9036.279634963365
2023-11-23 11:30:00,2023-11-23 12:30:00,BUY,37296.75,37301.75,0.37,24.31108918918919,SL,True,9060.590724152553
2023-11-24 17:00:00,2023-11-24 21:30:00,BUY,37833.29,37838.29,0.34,22.9585,SL,True,9083.549224152554
2023-11-26 08:00:00,2023-11-26 10:45:00,BUY,37778.79,37671.06869579687,0.84,-99.86029553062832,SL,False,8983.688928621925
2023-11-29 08:00:00,2023-11-29 09:45:00,BUY,38156.11,38161.11,0.38,25.528399999999998,SL,True,9009.217328621926
2023-11-29 10:00:00,2023-11-29 10:30:00,BUY,38211.96,37978.76823049443,0.38,-93.72387241211554,SL,False,8915.49345620981
2023-11-29 10:45:00,2023-11-29 14:30:00,BUY,37974.15,37979.15,0.38,25.18925,SL,True,8940.682706209811
2023-12-01 09:00:00,2023-12-01 09:15:00,BUY,38415.14,38420.14,0.48,32.9088,SL,True,8973.591506209812
2023-12-01 09:30:00,2023-12-01 10:15:00,BUY,38589.4,38594.4,0.48,32.804399999999994,SL,True,9006.395906209811
2023-12-01 11:00:00,2023-12-01 12:30:00,BUY,38559.5,38354.97149161217,0.44,-95.3121436906467,SL,False,8911.083762519165
2023-12-01 12:45:00,2023-12-01 16:15:00,BUY,38334.83,38638.32720811163,0.44,95.34738578455826,TP,True,9006.431148303724
2023-12-01 18:00:00,2023-12-02 18:30:00,BUY,38761.14,38766.14,0.39,25.178828205128205,SL,True,9031.609976508853
2023-12-02 20:00:00,2023-12-02 21:00:00,BUY,39374.25,39637.5279473979,0.51,100.09161534306253,TP,True,9131.701591851916
2023-12-03 13:00:00,2023-12-03 15:15:00,BUY,39518.02,39523.02,0.6,39.84,SL,True,9171.541591851916
2023-12-03 15:30:00,2023-12-03 17:15:00,BUY,39671.61,39506.59444262333,0.55,-99.08005655716732,SL,False,9072.461535294748
2023-12-03 17:30:00,2023-12-03 22:00:00,BUY,39485.25,39749.97994283156,0.51,99.0957831754213,TP,True,9171.557318470168
2023-12-04 08:00:00,2023-12-04 10:30:00,BUY,41379.78,41797.16244717132,0.32,86.46599154741172,TP,True,9258.023310017581
2023-12-04 12:00:00,2023-12-04 12:15:00,BUY,41447.87,41452.87,0.29,17.052313793103455,SL,True,9275.075623810684
2023-12-04 12:30:00,2023-12-04 12:45:00,BUY,41594.17,41599.17,0.29,17.369989655172418,SL,True,9292.445613465856
2023-12-05 13:00:00,2023-12-05 14:15:00,BUY,41929.5,41934.5,0.33,19.423139393939394,SL,True,9311.868752859797
2023-12-05 14:30:00,2023-12-05 15:00:00,BUY,42095.2,42100.2,0.33,19.70042424242424,SL,True,9331.569177102221
2023-12-05 15:15:00,2023-12-05 15:30:00,BUY,42161.66,42166.66,0.34,21.298450000000003,SL,True,9352.867627102221
2023-12-05 15:45:00,2023-12-05 16:15:00,BUY,42227.16,42232.16,0.34,21.09955,SL,True,9373.967177102222
2023-12-05 16:30:00,2023-12-05 17:00:00,BUY,42663.09,42668.09,0.32,22.500799999999998,SL,True,9396.467977102222
2023-12-05 17:15:00,2023-12-05 17:30:00,BUY,43701.26,43405.09084162967,0.31,-95.20693909480188,SL,False,9301.26103800742
2023-12-05 17:45:00,2023-12-05 18:00:00,BUY,43320.22,43325.22,0.31,19.97642258064516,SL,True,9321.237460588065
2023-12-05 18:15:00,2023-12-05 18:30:00,BUY,43590.91,43595.91,0.25,14.141971999999999,SL,True,9335.379432588064
2023-12-05 18:45:00,2023-12-05 19:00:00,BUY,43680.29,43685.29,0.25,14.275167999999999,SL,True,9349.654600588065
2023-12-05 19:15:00,2023-12-05 20:15:00,BUY,43922.96,43510.404756303134,0.22,-95.82215361331022,SL,False,9253.832446974755
2023-12-06 09:00:00,2023-12-06 10:15:00,BUY,43657.9,44240.18559408166,0.23,81.60681911588603,TP,True,9335.439266090641
2023-12-06 11:00:00,2023-12-06 11:30:00,BUY,43755.16,43374.38629115715,0.24,-98.09609012228515,SL,False,9237.343175968357
2023-12-06 11:45:00,2023-12-06 12:00:00,BUY,43811.46,43816.46,0.24,14.0946,SL,True,9251.437775968358
2023-12-06 12:15:00,2023-12-06 12:30:00,BUY,43884.37,43889.37,0.23,12.72436956521739,SL,True,9264.162145533575
2023-12-06 12:45:00,2023-12-06 14:30:00,BUY,44021.35,44026.35,0.23,12.789960869565217,SL,True,9276.952106403141
2023-12-06 14:45:00,2023-12-06 21:30:00,BUY,44034.66,43620.30245323333,0.22,-96.63006028866833,SL,False,9180.322046114474
2023-12-07 17:00:00,2023-12-07 17:30:00,BUY,43586.6,43250.68983575647,0.27,-97.24324434575233,SL,False,9083.078801768721
2023-12-07 17:45:00,2023-12-07 19:30:00,BUY,43365.17,43029.25983575647,0.27,-97.18654434575234,SL,False,8985.89225742297
2023-12-08 12:00:00,2023-12-08 12:15:00,BUY,43491.02,43496.02,0.34,20.6584,SL,True,9006.55065742297
2023-12-08 12:30:00,2023-12-08 13:30:00,BUY,43723.42,43466.02105089071,0.34,-95.1724426971576,SL,False,8911.378214725812
2023-12-08 13:45:00,2023-12-08 14:45:00,BUY,43531.69,43925.62496483079,0.33,84.52454705153745,TP,True,8995.90276177735
2023-12-08 15:00:00,2023-12-08 20:30:00,BUY,43833.52,44235.09662783879,0.33,86.39305400532268,TP,True,9082.295815782672
2023-12-14 13:00:00,2023-12-14 13:15:00,BUY,42808.95,42501.432440130484,0.29,-96.21839236215882,SL,False,8986.077423420513
2023-12-14 13:30:00,2023-12-14 14:15:00,BUY,42478.86,42483.86,0.29,19.75255862068966,SL,True,9005.829982041201
2023-12-14 14:30:00,2023-12-14 14:45:00,BUY,42484.75,42489.75,0.28,17.151400000000002,SL,True,9022.981382041202
2023-12-14 19:00:00,2023-12-15 02:00:00,BUY,42787.25,42792.25,0.2,12.4175,SL,True,9035.398882041201
2023-12-15 10:00:00,2023-12-15 13:00:00,BUY,42810.53,42505.20618816101,0.29,-94.29460543330576,SL,False,8941.104276607895
2023-12-20 13:00:00,2023-12-20 13:15:00,BUY,43142.89,43147.89,0.32,22.6304,SL,True,8963.734676607895
2023-12-20 13:30:00,2023-12-20 13:45:00,BUY,43411.1,43416.1,0.32,20.384,SL,True,8984.118676607895
2023-12-20 14:00:00,2023-12-20 14:15:00,BUY,43630.97,43635.97,0.31,18.9019,SL,True,9003.020576607896
2023-12-20 14:30:00,2023-12-20 15:00:00,BUY,43949.27,43954.27,0.31,18.87166451612903,SL,True,9021.892241124026
2023-12-20 15:15:00,2023-12-20 16:45:00,BUY,44124.81,43800.20779710406,0.27,-92.85629478190224,SL,False,8929.035946342123
2023-12-20 17:00:00,2023-12-20 17:15:00,BUY,43623.72,43628.72,0.24,15.205200000000001,SL,True,8944.241146342121
2023-12-20 17:30:00,2023-12-20 19:30:00,BUY,43900.23,43905.23,0.24,15.372599999999998,SL,True,8959.61374634212
2023-12-21 08:00:00,2023-12-21 10:45:00,BUY,43793.08,43798.08,0.26,15.93605,SL,True,8975.54979634212
2023-12-21 12:00:00,2023-12-21 12:15:00,BUY,44059.88,44064.88,0.27,16.705277777777777,SL,True,8992.255074119897
2023-12-21 12:30:00,2023-12-21 14:00:00,BUY,44195.92,43868.31052494809,0.27,-92.77725826401608,SL,False,8899.477815855882
2023-12-21 14:15:00,2023-12-21 14:45:00,BUY,43803.34,43484.26677916442,0.27,-90.2591696256057,SL,False,8809.218646230276
2023-12-21 15:00:00,2023-12-21 15:15:00,BUY,43620.91,43625.91,0.26,16.581500000000002,SL,True,8825.800146230276
2023-12-21 15:30:00,2023-12-21 17:00:00,BUY,43806.56,43480.18486636696,0.27,-92.74908608092048,SL,False,8733.051060149355
2023-12-23 14:00:00,2023-12-24 05:00:00,BUY,43731.94,43736.94,0.43,26.91652558139535,SL,True,8759.96758573075
2023-12-24 16:00:00,2023-12-24 20:45:00,BUY,43632.76,43455.304781607796,0.49,-93.35245701218093,SL,False,8666.61512871857
2024-01-02 09:00:00,2024-01-02 09:15:00,BUY,45731.11,45736.11,0.24,15.134999999999998,SL,True,8681.75012871857
2024-01-02 09:30:00,2024-01-02 11:30:00,BUY,45688.48,45328.50757500169,0.24,-90.83818199959485,SL,False,8590.911946718974
2024-01-02 15:00:00,2024-01-02 15:30:00,BUY,45136.44,45141.44,0.23,13.092026086956523,SL,True,8604.00397280593
2024-01-02 15:45:00,2024-01-02 16:45:00,BUY,45204.91,45209.91,0.23,13.571878260869566,SL,True,8617.575851066798
2024-01-03 08:00:00,2024-01-03 10:30:00,BUY,45065.05,45070.05,0.25,13.787408,SL,True,8631.363259066798
2024-01-03 11:00:00,2024-01-03 11:15:00,BUY,44728.63,44386.84123870549,0.25,-91.59969032362628,SL,False,8539.763568743172
2024-01-03 11:30:00,2024-01-03 11:45:00,BUY,44477.27,44135.48123870549,0.24,-85.26450271068123,SL,False,8454.499066032491
2024-01-06 20:00:00,2024-01-06 21:00:00,BUY,43748.56,43753.56,0.33,19.913339393939395,SL,True,8474.41240542643
2024-02-14 08:00:00,2024-02-14 08:45:00,BUY,49772.66,50296.36071722568,0.24,75.88868606708137,TP,True,8550.301091493511
2024-02-14 09:00:00,2024-02-14 09:15:00,BUY,50961.19,50966.19,0.24,13.5528,SL,True,8563.85389149351
2024-02-14 09:30:00,2024-02-14 09:45:00,BUY,51408.84,51413.84,0.24,13.703999999999999,SL,True,8577.55789149351
2024-02-14 10:00:00,2024-02-14 11:00:00,BUY,51472.59,51039.78855030224,0.19,-87.3470754425736,SL,False,8490.210816050936
2024-02-14 11:15:00,2024-02-14 11:45:00,BUY,51348.07,51353.07,0.18,10.276649999999998,SL,True,8500.487466050936
2024-02-14 12:00:00,2024-02-14 12:15:00,BUY,51411.2,51416.2,0.18,10.256400000000001,SL,True,8510.743866050936
2024-02-14 12:30:00,2024-02-14 13:30:00,BUY,51611.73,51616.73,0.18,10.39275,SL,True,8521.136616050935
2024-02-14 16:00:00,2024-02-14 16:30:00,BUY,51473.56,51478.56,0.18,10.23885,SL,True,8531.375466050935
2024-02-14 16:45:00,2024-02-14 21:00:00,BUY,51569.93,51574.93,0.18,10.184849999999999,SL,True,8541.560316050934
2024-02-15 11:00:00,2024-02-15 11:30:00,BUY,52212.76,52217.76,0.21,11.37624761904762,SL,True,8552.936563669982
2024-02-15 11:45:00,2024-02-15 12:00:00,BUY,52290.04,52295.04,0.21,11.300590476190477,SL,True,8564.237154146173
2024-02-15 13:00:00,2024-02-15 14:15:00,BUY,52220.26,52225.26,0.22,12.6511,SL,True,8576.888254146172
2024-02-15 14:30:00,2024-02-15 14:45:00,BUY,52562.74,52567.74,0.22,12.2485,SL,True,8589.136754146171
2024-02-16 12:15:00,2024-02-16 12:30:00,BUY,52198.83,52203.83,0.22,12.444849999999999,SL,True,8601.581604146171
2024-02-16 12:45:00,2024-02-16 14:00:00,BUY,52370.99,52375.99,0.22,12.69895,SL,True,8614.280554146171
2024-02-18 16:00:00,2024-02-18 17:45:00,BUY,51768.31,51773.31,0.3,16.7385,SL,True,8631.01905414617
2024-02-18 18:00:00,2024-02-18 22:00:00,BUY,51775.12,51780.12,0.31,16.983109677419353,SL,True,8648.00216382359
2024-02-19 08:00:00,2024-02-19 10:30:00,BUY,52284.88,52289.88,0.3,17.393250000000002,SL,True,8665.39541382359
2024-02-19 12:00:00,2024-02-19 12:45:00,BUY,52269.33,52274.33,0.3,17.38425,SL,True,8682.779663823589
2024-02-19 13:00:00,2024-02-19 14:00:00,BUY,52317.61,52039.35310467755,0.31,-94.46223754995864,SL,False,8588.31742627363
2024-02-20 12:00:00,2024-02-20 13:30:00,BUY,52326.91,52331.91,0.27,14.616548148148148,SL,True,8602.933974421778
2024-02-20 13:45:00,2024-02-20 14:00:00,BUY,52783.02,52477.81153327706,0.28,-93.20877068242196,SL,False,8509.725203739355
2024-02-20 14:15:00,2024-02-20 14:30:00,BUY,52226.03,51921.51713804299,0.27,-89.6974727283926,SL,False,8420.027731010963
2024-02-28 11:00:00,2024-02-28 11:15:00,BUY,59209.06,59214.06,0.15,7.534646666666669,SL,True,8427.562377677628
2024-02-28 11:30:00,2024-02-28 11:45:00,BUY,59120.73,58577.61721424091,0.15,-85.91591786386363,SL,False,8341.646459813765
2024-03-03 19:00:00,2024-03-03 22:00:00,BUY,62809.04,62814.04,0.21,10.865561904761904,SL,True,8352.512021718527
2024-03-04 09:30:00,2024-03-04 09:45:00,BUY,65207.6,65212.6,0.15,7.547040000000001,SL,True,8360.059061718528
2024-03-04 10:15:00,2024-03-04 12:00:00,BUY,65081.05,65086.05,0.14,7.768250000000001,SL,True,8367.827311718529
2024-03-04 16:30:00,2024-03-04 16:45:00,BUY,66438.21,66443.21,0.12,6.7755,SL,True,8374.602811718529
2024-03-04 18:15:00,2024-03-04 18:30:00,BUY,66175.41,66180.41,0.12,6.7737,SL,True,8381.376511718528
2024-03-05 15:00:00,2024-03-05 15:15:00,BUY,68308.2,67435.56852321766,0.09,-80.87683291041016,SL,False,8300.499678808119
2024-03-05 15:30:00,2024-03-05 15:45:00,BUY,66799.17,66804.17,0.09,4.452533333333334,SL,True,8304.952212141454
2024-03-05 16:00:00,2024-03-05 16:15:00,BUY,65264.98,65269.98,0.08,4.5236,SL,True,8309.475812141452
2024-05-20 17:00:00,2024-05-20 17:15:00,BUY,68383.28,68388.28,0.19,9.798073684210527,SL,True,8319.273885825663
2024-05-20 17:30:00,2024-05-20 17:45:00,BUY,68265.13,68270.13,0.19,9.78381052631579,SL,True,8329.05769635198
2024-05-20 18:45:00,2024-05-20 19:15:00,BUY,68794.65,68799.65,0.17,9.205211764705883,SL,True,8338.262908116687
2024-05-20 19:30:00,2024-05-20 19:45:00,BUY,69742.8,69747.8,0.16,9.363999999999999,SL,True,8347.626908116687
2024-05-20 20:00:00,2024-05-20 20:30:00,BUY,69718.65,69723.65,0.16,9.280000000000001,SL,True,8356.906908116685
2024-05-20 20:45:00,2024-05-20 21:00:00,BUY,69536.48,69041.61310144809,0.16,-83.41070376830454,SL,False,8273.496204348381
2024-07-27 09:00:00,2024-07-27 10:30:00,BUY,68105.95,68110.95,0.22,12.6313,SL,True,8286.12750434838
2024-07-27 13:00:00,2024-07-27 13:30:00,BUY,68863.08,68868.08,0.23,13.628839130434782,SL,True,8299.756343478815
2024-07-27 13:45:00,2024-07-27 14:00:00,BUY,69229.26,69234.26,0.23,13.409626086956521,SL,True,8313.165969565773
2024-07-27 14:15:00,2024-07-27 14:30:00,BUY,68942.2,68947.2,0.22,13.63285,SL,True,8326.798819565773
2024-07-27 14:45:00,2024-07-27 15:45:00,BUY,68992.31,68623.76596862506,0.22,-85.4796869024873,SL,False,8241.319132663286
2024-07-27 16:00:00,2024-07-27 16:15:00,BUY,68693.75,68698.75,0.2,12.0665,SL,True,8253.385632663285
2024-07-27 16:30:00,2024-07-27 17:15:00,BUY,68854.43,68459.9233096818,0.2,-83.45133806363738,SL,False,8169.934294599648
2024-07-28 20:00:00,2024-07-28 22:15:00,BUY,68031.52,68036.52,0.19,10.568284210526315,SL,True,8180.502578810174
2024-07-29 10:00:00,2024-07-29 12:00:00,BUY,69445.13,69450.13,0.19,11.027557894736843,SL,True,8191.5301367049115
2024-07-29 12:15:00,2024-07-29 12:30:00,BUY,69728.98,69733.98,0.19,11.144515789473683,SL,True,8202.674652494385
2024-07-29 12:45:00,2024-07-29 13:00:00,BUY,69828.46,69833.46,0.19,11.14308947368421,SL,True,8213.817741968069
2024-07-29 13:15:00,2024-07-29 13:45:00,BUY,69662.12,69237.71642764015,0.19,-84.43667874837149,SL,False,8129.381063219697
2024-07-29 14:00:00,2024-07-29 14:15:00,BUY,68686.24,68691.24,0.18,11.011050000000001,SL,True,8140.392113219697
2024-07-29 14:30:00,2024-07-29 14:45:00,BUY,68882.59,68443.23811138014,0.18,-83.55993995157445,SL,False,8056.832173268123
2024-09-29 14:00:00,2024-09-29 15:00:00,BUY,65755.75,65550.89334880045,0.39,-89.49979396782255,SL,False,7967.332379300301
2024-09-29 15:15:00,2024-09-29 19:45:00,BUY,65657.86,65960.10533559936,0.39,80.79823122243688,TP,True,8048.130610522738
2024-10-25 16:00:00,2024-10-25 17:15:00,BUY,67758.21,67345.25068943921,0.19,-83.47256900655063,SL,False,7964.658041516187
2024-10-31 09:00:00,2024-10-31 10:30:00,BUY,72235.45,72240.45,0.19,10.010594736842105,SL,True,7974.66863625303
2024-10-31 11:00:00,2024-10-31 12:15:00,BUY,72328.28,71958.11813176154,0.21,-82.45059233007613,SL,False,7892.218043922954
2024-10-31 12:30:00,2024-10-31 13:30:00,BUY,72101.77,71722.08040806428,0.2,-81.62191838714388,SL,False,7810.596125535811
2024-11-07 10:00:00,2024-11-07 15:00:00,BUY,74987.99,74992.99,0.12,6.994200000000001,SL,True,7817.590325535811
2024-11-07 16:00:00,2024-11-07 16:45:00,BUY,75835.02,75840.02,0.14,8.355200000000002,SL,True,7825.945525535811
2024-11-07 17:00:00,2024-11-07 17:15:00,BUY,76176.33,76181.33,0.13,7.110892307692307,SL,True,7833.056417843503
2024-11-07 17:30:00,2024-11-07 17:45:00,BUY,76320.18,76325.18,0.13,7.161692307692308,SL,True,7840.218110151196
2024-11-07 18:00:00,2024-11-07 18:15:00,BUY,76095.49,76100.49,0.13,7.183184615384615,SL,True,7847.401294766581
2024-11-07 18:30:00,2024-11-07 18:45:00,BUY,76539.31,76544.31,0.13,7.2076076923076915,SL,True,7854.608902458888
2024-11-07 19:00:00,2024-11-07 20:00:00,BUY,76509.3,76514.3,0.13,7.216399999999999,SL,True,7861.8253024588885
2024-11-07 20:15:00,2024-11-07 20:30:00,BUY,76494.31,76499.31,0.12,7.3794,SL,True,7869.204702458888
2024-11-07 20:45:00,2024-11-07 21:45:00,BUY,76519.86,75908.38337428328,0.12,-75.94279508600654,SL,False,7793.261907372882
2024-11-08 15:00:00,2024-11-08 15:15:00,BUY,75916.71,75921.71,0.17,9.690270588235293,SL,True,7802.952177961118
2024-11-08 15:30:00,2024-11-08 16:00:00,BUY,76342.45,76347.45,0.17,9.888123529411764,SL,True,7812.840301490529
2024-11-08 17:00:00,2024-11-08 17:15:00,BUY,75894.79,75899.79,0.15,8.405560000000001,SL,True,7821.245861490529
2024-11-08 17:30:00,2024-11-08 17:45:00,BUY,76294.56,76299.56,0.15,8.483300000000003,SL,True,7829.729161490529
2024-11-08 20:00:00,2024-11-09 01:30:00,BUY,76797.36,76266.83090845427,0.14,-76.8136728164022,SL,False,7752.915488674127
2024-11-09 08:00:00,2024-11-09 08:45:00,BUY,76535.29,76540.29,0.19,11.137384210526315,SL,True,7764.052872884654
2024-11-09 10:00:00,2024-11-09 16:15:00,BUY,76574.48,76201.53790303868,0.2,-78.28641939226259,SL,False,7685.7664534923915
2024-11-09 20:00:00,2024-11-09 21:15:00,BUY,76244.34,76249.34,0.22,12.55045,SL,True,7698.316903492391
2024-11-10 13:00:00,2024-11-10 13:15:00,BUY,79587.04,79592.04,0.13,7.6101,SL,True,7705.927003492391
2024-11-10 13:30:00,2024-11-10 14:15:00,BUY,79811.14,79816.14,0.14,8.84345,SL,True,7714.770453492391
2024-11-10 16:00:00,2024-11-10 17:45:00,BUY,79673.22,80502.5308774501,0.13,64.94160757535327,TP,True,7779.712061067745
2024-11-10 19:00:00,2024-11-10 19:30:00,BUY,80704.47,80128.94937007826,0.13,-77.20188188982607,SL,False,7702.510179177919
2024-11-10 19:45:00,2024-11-10 20:00:00,BUY,79733.42,79738.42,0.13,7.6101,SL,True,7710.120279177919
2024-11-10 20:15:00,2024-11-10 21:00:00,BUY,79450.94,78871.96370078696,0.13,-77.76681889769543,SL,False,7632.353460280223
2024-11-11 12:00:00,2024-11-11 12:30:00,BUY,82202.42,82207.42,0.1,6.3025,SL,True,7638.655960280223
2024-11-11 12:45:00,2024-11-11 14:30:00,BUY,82186.35,82191.35,0.1,6.2402500000000005,SL,True,7644.8962102802225
2024-11-11 14:45:00,2024-11-11 15:00:00,BUY,82522.81,82527.81,0.1,6.35275,SL,True,7651.2489602802225
2024-11-11 16:00:00,2024-11-11 16:30:00,BUY,84835.33,84059.1497317659,0.09,-71.46092414106968,SL,False,7579.788036139153
2024-11-11 16:45:00,2024-11-11 17:00:00,BUY,84254.79,84259.79,0.09,5.016444444444444,SL,True,7584.804480583597
2024-11-11 17:15:00,2024-11-11 17:30:00,BUY,84433.03,84438.03,0.08,5.1278,SL,True,7589.932280583597
2024-11-11 17:45:00,2024-11-11 19:00:00,BUY,84713.49,86018.75501646895,0.08,57.08020065875761,TP,True,7647.012481242355
2024-11-13 14:00:00,2024-11-13 14:15:00,BUY,89528.27,89533.27,0.07,3.5878857142857146,SL,True,7650.600366956641
2024-11-13 14:30:00,2024-11-13 14:45:00,BUY,90912.68,90917.68,0.07,3.758614285714286,SL,True,7654.358981242355
2024-11-13 15:00:00,2024-11-13 15:15:00,BUY,91291.76,91296.76,0.06,3.7837499999999995,SL,True,7658.142731242356
2024-11-13 15:30:00,2024-11-13 15:45:00,BUY,92215.17,92220.17,0.06,3.8314500000000002,SL,True,7661.974181242355
2024-11-13 16:00:00,2024-11-13 16:30:00,BUY,93406.19,92201.54239858138,0.06,-73.34805608511714,SL,False,7588.626125157239
2024-11-13 16:45:00,2024-11-13 17:00:00,BUY,92418.73,92423.73,0.06,3.67125,SL,True,7592.297375157239
2024-11-13 17:15:00,2024-11-13 18:00:00,BUY,92365.55,92370.55,0.05,2.4223,SL,True,7594.719675157239
2024-11-13 18:15:00,2024-11-13 18:45:00,BUY,92743.65,92748.65,0.05,2.3235,SL,True,7597.04317515724
2024-11-15 14:00:00,2024-11-15 14:30:00,BUY,89760.05,88654.72645624695,0.06,-68.00481262518318,SL,False,7529.038362532056
2024-11-15 14:45:00,2024-11-15 15:15:00,BUY,89087.37,87982.04645624694,0.06,-67.92561262518318,SL,False,7461.112749906873
2024-11-17 11:00:00,2024-11-17 12:00:00,BUY,90653.73,90658.73,0.12,7.3614,SL,True,7468.474149906873
2024-11-18 08:00:00,2024-11-18 09:30:00,BUY,91995.14,92000.14,0.11,5.6796999999999995,SL,True,7474.153849906873
2024-11-18 09:45:00,2024-11-18 10:00:00,BUY,91678.44,91683.44,0.11,5.659018181818182,SL,True,7479.812868088691
2024-11-18 10:15:00,2024-11-18 11:00:00,BUY,91879.79,91254.89903706021,0.11,-71.66730592337603,SL,False,7408.145562165315
2024-11-18 11:15:00,2024-11-18 11:30:00,BUY,90890.91,90266.36624869877,0.11,-71.72701264313523,SL,False,7336.41854952218
2024-11-18 16:00:00,2024-11-18 16:45:00,BUY,92117.74,91332.05182382734,0.09,-72.4660358555402,SL,False,7263.95251366664
2024-11-18 17:00:00,2024-11-18 17:15:00,BUY,91416.36,91421.36,0.08,4.6826,SL,True,7268.63511366664
2024-11-18 17:30:00,2024-11-18 17:45:00,BUY,91253.35,91258.35,0.08,4.622599999999999,SL,True,7273.25771366664
2024-11-18 18:00:00,2024-11-18 18:15:00,BUY,91488.08,91493.08,0.07,3.354257142857143,SL,True,7276.611970809497
2024-11-18 18:30:00,2024-11-18 19:45:00,BUY,90456.45,90461.45,0.07,3.2813142857142856,SL,True,7279.893285095211
2024-11-19 09:00:00,2024-11-19 12:00:00,BUY,91798.78,91803.78,0.09,4.6707777777777775,SL,True,7284.564062872988
2024-11-19 12:15:00,2024-11-19 12:30:00,BUY,92394.17,92399.17,0.09,4.857844444444444,SL,True,7289.421907317433
2024-11-19 12:45:00,2024-11-19 13:00:00,BUY,92499.0,92504.0,0.09,4.934433333333333,SL,True,7294.356340650766
2024-11-19 13:15:00,2024-11-19 13:30:00,BUY,92221.64,91487.66079719797,0.09,-67.77712825218279,SL,False,7226.579212398583
2024-11-19 13:45:00,2024-11-19 14:00:00,BUY,91136.08,91141.08,0.09,4.430166666666667,SL,True,7231.00937906525
2024-11-19 14:15:00,2024-11-19 14:30:00,BUY,91541.12,91546.12,0.09,4.397633333333333,SL,True,7235.407012398583
2024-11-19 14:45:00,2024-11-19 15:00:00,BUY,91821.89,91826.89,0.09,4.530477777777778,SL,True,7239.93749017636
2024-11-19 20:00:00,2024-11-19 20:45:00,BUY,93553.2,92675.05051249791,0.08,-71.69595900016698,SL,False,7168.241531176193
2024-11-20 10:00:00,2024-11-20 10:15:00,BUY,93242.89,93247.89,0.1,6.273249999999999,SL,True,7174.5147811761935
2024-11-20 10:30:00,2024-11-20 12:15:00,BUY,93541.35,93546.35,0.1,6.412749999999999,SL,True,7180.927531176194
2024-11-20 13:00:00,2024-11-20 13:15:00,BUY,93958.9,93963.9,0.09,4.672133333333334,SL,True,7185.599664509527
2024-11-20 13:30:00,2024-11-20 13:45:00,BUY,94239.68,94244.68,0.09,4.720255555555556,SL,True,7190.319920065083
2024-11-20 14:00:00,2024-11-20 14:15:00,BUY,94365.83,94370.83,0.1,5.6785,SL,True,7195.998420065083
2024-11-20 14:30:00,2024-11-20 14:45:00,BUY,94238.46,94243.46,0.1,6.2095,SL,True,7202.207920065083
2024-11-20 15:00:00,2024-11-20 15:15:00,BUY,94351.05,94356.05,0.1,6.070749999999999,SL,True,7208.278670065083
2024-11-20 15:30:00,2024-11-20 16:15:00,BUY,94769.91,94051.41882553816,0.1,-74.6301174461844,SL,False,7133.648552618899
2024-11-20 16:30:00,2024-11-20 16:45:00,BUY,93673.21,93678.21,0.09,4.9568,SL,True,7138.605352618899
2024-11-20 17:00:00,2024-11-20 17:15:00,BUY,94034.72,94039.72,0.09,5.042877777777777,SL,True,7143.648230396676
2024-11-20 17:30:00,2024-11-20 18:30:00,BUY,94243.42,93513.5560281426,0.09,-67.3968574671658,SL,False,7076.25137292951
2024-11-21 12:00:00,2024-11-21 12:15:00,BUY,97846.16,97851.16,0.08,4.8224,SL,True,7081.07377292951
2024-11-21 12:30:00,2024-11-21 13:15:00,BUY,97879.52,97017.88102561596,0.08,-70.81431795072328,SL,False,7010.259454978786
2024-11-21 13:30:00,2024-11-21 14:30:00,BUY,97515.02,96673.94309521483,0.08,-69.46295238281432,SL,False,6940.796502595972
2024-11-29 11:00:00,2024-11-29 11:15:00,BUY,96767.87,96772.87,0.11,5.928709090909091,SL,True,6946.725211686881
2024-11-29 11:30:00,2024-11-29 11:45:00,BUY,97224.92,97229.92,0.11,5.8029636363636365,SL,True,6952.528175323245
2024-11-29 13:00:00,2024-11-29 13:30:00,BUY,97026.59,97031.59,0.11,5.708654545454546,SL,True,6958.236829868699
2024-11-29 14:00:00,2024-11-29 14:15:00,BUY,97158.97,97163.97,0.11,5.3794,SL,True,6963.616229868699
2024-11-29 14:30:00,2024-11-29 14:45:00,BUY,97670.68,97675.68,0.11,5.417454545454546,SL,True,6969.033684414153
2024-11-29 16:00:00,2024-11-29 16:30:00,BUY,98258.78,98263.78,0.1,6.211,SL,True,6975.244684414153
2024-11-29 16:45:00,2024-11-29 17:15:00,BUY,97919.92,97225.18839355354,0.1,-71.6251606446454,SL,False,6903.619523769507
2024-12-01 12:00:00,2024-12-01 13:00:00,BUY,97192.83,96813.43032692988,0.18,-71.5013411526213,SL,False,6832.118182616886
2024-12-01 14:00:00,2024-12-01 14:15:00,BUY,97222.09,97227.09,0.18,10.16325,SL,True,6842.281432616886
2024-12-01 14:30:00,2024-12-01 14:45:00,BUY,97325.65,97330.65,0.18,10.167300000000001,SL,True,6852.448732616886
2024-12-01 15:00:00,2024-12-01 18:45:00,BUY,97331.43,97336.43,0.18,10.75725,SL,True,6863.205982616886
2024-12-05 11:00:00,2024-12-05 11:30:00,BUY,102431.9,102436.9,0.06,3.8489999999999998,SL,True,6867.054982616886
2024-12-05 11:45:00,2024-12-05 12:00:00,BUY,102622.1,102627.1,0.06,3.7180500000000003,SL,True,6870.773032616886
2024-12-05 14:00:00,2024-12-05 14:30:00,BUY,102854.24,102859.24,0.06,3.7590000000000003,SL,True,6874.532032616886
2024-12-05 14:45:00,2024-12-05 15:15:00,BUY,103609.59,102571.5009132828,0.06,-63.3707452030319,SL,False,6811.161287413854
2024-12-05 15:30:00,2024-12-05 15:45:00,BUY,101459.99,101464.99,0.06,3.75405,SL,True,6814.915337413854
2024-12-05 16:15:00,2024-12-05 16:45:00,BUY,101342.74,101347.74,0.06,3.3562499999999997,SL,True,6818.271587413855
2024-12-06 19:00:00,2024-12-06 19:30:00,BUY,101533.95,101538.95,0.05,2.35162,SL,True,6820.623207413854
2024-12-06 19:45:00,2024-12-06 20:00:00,BUY,101576.01,101581.01,0.05,2.45384,SL,True,6823.077047413854
2024-12-12 10:00:00,2024-12-12 10:15:00,BUY,100546.23,100551.23,0.09,5.0144111111111105,SL,True,6828.091458524966
2024-12-12 10:30:00,2024-12-12 12:30:00,BUY,100666.21,100671.21,0.09,5.000177777777778,SL,True,6833.091636302744
2024-12-12 14:00:00,2024-12-12 14:15:00,BUY,100982.78,100987.78,0.1,6.409,SL,True,6839.500636302743
2024-12-12 14:30:00,2024-12-12 14:45:00,BUY,101246.6,101251.6,0.1,6.40825,SL,True,6845.908886302743
2024-12-12 15:00:00,2024-12-12 15:15:00,BUY,100844.58,100849.58,0.09,5.0422,SL,True,6850.9510863027435
2024-12-12 15:30:00,2024-12-12 15:45:00,BUY,101686.72,101691.72,0.09,5.028644444444445,SL,True,6855.979730747188
2024-12-12 16:00:00,2024-12-12 16:15:00,BUY,102332.05,102337.05,0.09,5.028644444444445,SL,True,6861.008375191633
2024-12-12 16:30:00,2024-12-12 17:15:00,BUY,101993.22,101271.0211451089,0.09,-66.60079694019929,SL,False,6794.407578251434
2024-12-12 17:30:00,2024-12-12 17:45:00,BUY,101439.66,101444.66,0.08,5.119999999999999,SL,True,6799.527578251434
2024-12-14 13:00:00,2024-12-14 14:00:00,BUY,101179.1,101184.1,0.13,6.536461538461538,SL,True,6806.064039789895
2024-12-14 16:00:00,2024-12-14 16:15:00,BUY,101431.68,101436.68,0.13,6.536461538461538,SL,True,6812.600501328357
2024-12-14 16:30:00,2024-12-14 16:45:00,BUY,101465.87,101470.87,0.13,6.536461538461538,SL,True,6819.136962866818
2024-12-14 17:00:00,2024-12-14 17:30:00,BUY,101571.34,101077.71371464137,0.13,-67.91541709662101,SL,False,6751.221545770197
2024-12-14 17:45:00,2024-12-14 18:00:00,BUY,100947.34,100952.34,0.13,6.536461538461538,SL,True,6757.758007308658
2024-12-14 18:15:00,2024-12-14 19:00:00,BUY,100905.07,100910.07,0.14,7.8260000000000005,SL,True,6765.584007308658
2024-12-15 12:00:00,2024-12-15 12:15:00,BUY,102606.12,102611.12,0.14,7.8260000000000005,SL,True,6773.410007308658
2024-12-15 12:30:00,2024-12-15 13:00:00,BUY,103184.69,102725.14175915848,0.14,-68.3687537178137,SL,False,6705.0412535908445
2024-12-15 14:00:00,2024-12-15 14:15:00,BUY,102813.63,102818.63,0.13,6.536461538461538,SL,True,6711.577715129306
2024-12-15 14:30:00,2024-12-15 14:45:00,BUY,102753.47,102758.47,0.13,6.536461538461538,SL,True,6718.114176667767
2024-12-15 15:00:00,2024-12-15 15:15:00,BUY,102722.32,102727.32,0.13,6.536461538461538,SL,True,6724.650638206229
2024-12-15 15:30:00,2024-12-15 21:15:00,BUY,102758.48,102763.48,0.13,6.536461538461538,SL,True,6731.18709974469
2024-12-16 16:00:00,2024-12-16 16:15:00,BUY,106550.65,106555.65,0.08,4.4719999999999995,SL,True,6735.65909974469
2024-12-16 16:30:00,2024-12-16 16:45:00,BUY,106638.72,106643.72,0.08,4.4719999999999995,SL,True,6740.13109974469
2024-12-16 17:00:00,2024-12-16 17:15:00,BUY,106666.24,106671.24,0.08,4.4719999999999995,SL,True,6744.60309974469
2024-12-16 17:30:00,2024-12-16 18:45:00,BUY,107066.67,107071.67,0.08,4.4719999999999995,SL,True,6749.075099744689
2024-12-17 08:00:00,2024-12-17 08:15:00,BUY,106972.67,106977.67,0.09,4.298,SL,True,6753.37309974469
2024-12-17 08:30:00,2024-12-17 08:45:00,BUY,107300.19,107305.19,0.09,4.298,SL,True,6757.671099744691
2024-12-17 09:00:00,2024-12-17 09:30:00,BUY,107184.22,107189.22,0.1,5.59,SL,True,6763.261099744691
2024-12-17 09:45:00,2024-12-17 12:00:00,BUY,107233.03,106561.93733726042,0.1,-69.9892662739582,SL,False,6693.271833470732
2024-12-17 15:00:00,2024-12-17 15:15:00,BUY,106876.75,106241.72971573741,0.1,-66.38202842625877,SL,False,6626.889805044474
2024-12-17 15:30:00,2024-12-17 16:00:00,BUY,106404.5,106409.5,0.1,5.59,SL,True,6632.479805044474
2024-12-17 16:15:00,2024-12-17 16:30:00,BUY,106579.38,106584.38,0.09,4.298,SL,True,6636.777805044475
2024-12-17 16:45:00,2024-12-17 17:15:00,BUY,107012.5,107017.5,0.09,4.298,SL,True,6641.075805044476
2025-04-26 08:00:00,2025-04-26 11:30:00,BUY,94572.15,94058.8998774715,0.12,-65.04601470341929,SL,False,6576.0297903410565
2025-04-28 10:00:00,2025-04-28 10:30:00,BUY,94646.12,94651.12,0.16,8.943999999999999,SL,True,6584.973790341056
2025-04-28 10:45:00,2025-04-28 11:00:00,BUY,95070.8,95075.8,0.16,8.943999999999999,SL,True,6593.9177903410555
2025-04-28 12:00:00,2025-04-28 12:15:00,BUY,95124.23,95129.23,0.14,7.8260000000000005,SL,True,6601.7437903410555
2025-04-28 12:30:00,2025-04-28 13:15:00,BUY,95496.4,95050.17785873664,0.14,-66.50309977686923,SL,False,6535.2406905641865
2025-04-28 13:30:00,2025-04-28 13:45:00,BUY,94721.12,94271.03444025546,0.14,-67.04397836423468,SL,False,6468.196712199951
2025-04-28 14:00:00,2025-04-28 14:15:00,BUY,94488.04,94493.04,0.14,7.8260000000000005,SL,True,6476.0227121999515
2025-04-28 14:30:00,2025-04-28 15:00:00,BUY,94625.53,94170.1112659515,0.14,-67.79062276678906,SL,False,6408.232089433162
2025-04-29 08:00:00,2025-04-29 11:00:00,BUY,94970.92,94975.92,0.12,6.707999999999999,SL,True,6414.940089433163
2025-04-29 12:00:00,2025-04-29 13:15:00,BUY,95075.34,94592.70055688648,0.13,-66.4871276047566,SL,False,6348.452961828406
2025-04-29 18:00:00,2025-04-29 18:15:00,BUY,95175.86,95180.86,0.12,6.707999999999999,SL,True,6355.1609618284065
2025-04-29 18:30:00,2025-04-29 20:30:00,BUY,95411.79,94914.71358131958,0.12,-63.105170241649844,SL,False,6292.055791586757
2025-04-30 13:00:00,2025-04-30 13:15:00,BUY,94237.2,94242.2,0.15,7.655200000000001,SL,True,6299.710991586756
2025-04-30 13:30:00,2025-04-30 13:45:00,BUY,93873.57,93475.39998510455,0.15,-64.04550223431826,SL,False,6235.665489352437
2025-05-01 10:00:00,2025-05-01 10:15:00,BUY,95714.19,95719.19,0.14,7.8260000000000005,SL,True,6243.491489352437
2025-05-01 10:30:00,2025-05-01 12:00:00,BUY,96108.09,96113.09,0.14,7.8260000000000005,SL,True,6251.317489352437
2025-05-01 12:15:00,2025-05-01 12:30:00,BUY,96175.01,96180.01,0.13,6.536461538461538,SL,True,6257.853950890899
2025-05-01 12:45:00,2025-05-01 13:30:00,BUY,96350.09,96355.09,0.13,6.536461538461538,SL,True,6264.39041242936
2025-05-01 13:45:00,2025-05-01 14:00:00,BUY,95773.74,95778.74,0.13,6.536461538461538,SL,True,6270.926873967822
2025-05-01 15:00:00,2025-05-01 15:45:00,BUY,97401.19,96902.4259545819,0.12,-63.3076854501731,SL,False,6207.619188517649
2025-05-01 17:00:00,2025-05-01 17:30:00,BUY,97093.4,96533.99855267518,0.11,-64.70215920572909,SL,False,6142.91702931192
2025-05-01 17:45:00,2025-05-01 18:45:00,BUY,96756.75,96761.75,0.1,5.59,SL,True,6148.50702931192
2025-05-02 14:00:00,2025-05-02 14:15:00,BUY,96791.52,96796.52,0.13,6.536461538461538,SL,True,6155.043490850381
2025-05-02 14:30:00,2025-05-02 14:45:00,BUY,97332.6,97337.6,0.13,6.536461538461538,SL,True,6161.579952388843
2025-05-02 15:00:00,2025-05-02 15:15:00,BUY,97539.65,97074.88383742239,0.13,-64.16360113508918,SL,False,6097.416351253753
2025-05-02 15:30:00,2025-05-02 16:00:00,BUY,97383.38,97388.38,0.13,6.536461538461538,SL,True,6103.952812792215
2025-05-02 16:15:00,2025-05-02 17:00:00,BUY,97597.06,97082.3192776065,0.11,-59.78947946328507,SL,False,6044.16333332893
2025-05-02 17:15:00,2025-05-02 18:45:00,BUY,97274.94,97279.94,0.11,5.417454545454546,SL,True,6049.580787874384
2025-05-07 09:00:00,2025-05-07 11:00:00,BUY,96924.02,96929.02,0.11,5.417454545454546,SL,True,6054.998242419839
2025-05-07 15:00:00,2025-05-07 15:15:00,BUY,96825.53,96830.53,0.12,6.707999999999999,SL,True,6061.706242419839
2025-05-07 15:30:00,2025-05-07 16:15:00,BUY,97050.92,96579.90411326571,0.12,-59.97790640811401,SL,False,6001.728336011725
2025-05-07 16:30:00,2025-05-07 16:45:00,BUY,96649.9,96654.9,0.12,6.707999999999999,SL,True,6008.436336011726
2025-05-08 10:00:00,2025-05-08 10:15:00,BUY,99653.31,99658.31,0.1,5.59,SL,True,6014.026336011726
2025-05-08 10:30:00,2025-05-08 13:30:00,BUY,99739.2,99163.09966888881,0.1,-60.49003311111854,SL,False,5953.536302900608
2025-05-08 16:00:00,2025-05-08 16:15:00,BUY,100985.14,100990.14,0.11,5.417454545454546,SL,True,5958.953757446062
2025-05-08 16:30:00,2025-05-08 16:45:00,BUY,101164.8,101169.8,0.11,5.417454545454546,SL,True,5964.371211991516
2025-05-08 17:00:00,2025-05-08 17:15:00,BUY,101273.92,101278.92,0.09,4.298,SL,True,5968.669211991517
2025-05-08 17:30:00,2025-05-08 18:00:00,BUY,101094.64,101099.64,0.09,4.298,SL,True,5972.967211991518
2025-05-09 08:00:00,2025-05-09 08:15:00,BUY,103536.21,103541.21,0.08,4.4719999999999995,SL,True,5977.439211991517
2025-05-09 08:30:00,2025-05-09 08:45:00,BUY,102781.81,102786.81,0.08,4.4719999999999995,SL,True,5981.911211991517
2025-05-09 09:00:00,2025-05-09 09:15:00,BUY,102621.77,102626.77,0.08,4.4719999999999995,SL,True,5986.383211991517
2025-05-09 09:30:00,2025-05-09 09:45:00,BUY,102739.45,102744.45,0.08,4.4719999999999995,SL,True,5990.855211991517
2025-05-09 15:00:00,2025-05-09 16:45:00,BUY,103067.4,102326.31746283085,0.08,-61.5906029735317,SL,False,5929.264609017985
2025-05-10 08:00:00,2025-05-10 08:15:00,BUY,103786.4,103791.4,0.11,5.417454545454546,SL,True,5934.682063563439
2025-05-10 08:30:00,2025-05-10 09:00:00,BUY,103863.89,103344.74462436656,0.11,-60.27399131967814,SL,False,5874.408072243761
2025-05-10 09:15:00,2025-05-10 09:30:00,BUY,103555.42,103560.42,0.11,5.417454545454546,SL,True,5879.8255267892155
2025-05-10 09:45:00,2025-05-10 15:30:00,BUY,103730.5,103214.06500834037,0.11,-59.975849082558824,SL,False,5819.849677706657
2025-05-11 10:00:00,2025-05-11 10:15:00,BUY,104261.27,104266.27,0.11,5.417454545454546,SL,True,5825.267132252111
2025-05-11 10:30:00,2025-05-11 10:45:00,BUY,104336.84,104341.84,0.11,5.417454545454546,SL,True,5830.684586797565
2025-05-11 11:00:00,2025-05-11 11:45:00,BUY,104388.94,104393.94,0.11,5.417454545454546,SL,True,5836.10204134302
2025-05-11 12:00:00,2025-05-11 13:15:00,BUY,104769.95,104265.8859400266,0.11,-58.61504659707437,SL,False,5777.486994745946
2025-05-12 08:00:00,2025-05-12 08:30:00,BUY,104236.01,104241.01,0.08,4.46,SL,True,5781.946994745946
2025-05-12 08:45:00,2025-05-12 11:45:00,BUY,104546.0,103865.56262175094,0.08,-56.754990259924675,SL,False,5725.192004486021
2025-05-14 13:00:00,2025-05-14 13:30:00,BUY,104028.39,104033.39,0.1,5.575,SL,True,5730.767004486021
2025-05-14 13:45:00,2025-05-14 14:00:00,BUY,103962.43,103441.40516994202,0.1,-55.00248300579697,SL,False,5675.764521480223
2025-05-16 13:00:00,2025-05-16 13:30:00,BUY,103611.31,103616.31,0.1,5.59,SL,True,5681.354521480223
2025-05-16 13:45:00,2025-05-16 14:30:00,BUY,104016.76,103466.24257840676,0.1,-57.931742159323484,SL,False,5623.4227793209
2025-05-16 16:00:00,2025-05-16 18:45:00,BUY,104307.62,103734.94266208442,0.09,-54.13296041240205,SL,False,5569.289818908498
2025-05-20 20:00:00,2025-05-20 20:15:00,BUY,106610.33,106615.33,0.07,3.1777142857142855,SL,True,5572.467533194213
2025-05-20 20:30:00,2025-05-20 20:45:00,BUY,106714.07,106719.07,0.07,3.1777142857142855,SL,True,5575.645247479927
2025-05-21 08:00:00,2025-05-21 13:30:00,BUY,106728.16,106733.16,0.07,3.1777142857142855,SL,True,5578.822961765642
2025-05-21 15:00:00,2025-05-21 15:15:00,BUY,108804.84,108809.84,0.07,3.1777142857142855,SL,True,5582.000676051356
2025-05-21 15:30:00,2025-05-21 15:45:00,BUY,108877.28,108882.28,0.07,3.1777142857142855,SL,True,5585.178390337071
2025-05-21 16:00:00,2025-05-21 16:15:00,BUY,109075.2,109080.2,0.06,3.3539999999999996,SL,True,5588.532390337071
2025-05-21 16:30:00,2025-05-21 16:45:00,BUY,109465.51,109470.51,0.06,3.3539999999999996,SL,True,5591.886390337071
2025-05-21 17:00:00,2025-05-21 17:15:00,BUY,109016.42,108167.12695158731,0.06,-52.68558290476108,SL,False,5539.20080743231
2025-05-21 17:30:00,2025-05-21 17:45:00,BUY,106473.65,106478.65,0.06,3.3539999999999996,SL,True,5542.554807432311
2025-05-21 18:00:00,2025-05-21 18:15:00,BUY,106816.04,106821.04,0.06,3.3539999999999996,SL,True,5545.908807432311
2025-05-21 18:30:00,2025-05-21 19:30:00,BUY,107286.96,107291.96,0.06,3.3539999999999996,SL,True,5549.262807432311
2025-05-22 13:00:00,2025-05-22 13:15:00,BUY,111163.69,111168.69,0.06,3.3539999999999996,SL,True,5552.616807432311
2025-05-22 13:30:00,2025-05-22 15:30:00,BUY,111214.26,111219.26,0.06,3.3539999999999996,SL,True,5555.970807432312
2025-05-22 15:45:00,2025-05-22 16:00:00,BUY,111195.67,111200.67,0.06,3.3539999999999996,SL,True,5559.324807432312
2025-05-26 08:00:00,2025-05-26 12:45:00,BUY,109873.13,109878.13,0.08,4.4594000000000005,SL,True,5563.784207432312
2025-05-26 17:00:00,2025-05-26 17:45:00,BUY,109409.39,108871.07305936923,0.1,-56.73269406307716,SL,False,5507.051513369234
2025-05-27 14:00:00,2025-05-27 14:30:00,BUY,110093.85,109469.25298432975,0.08,-52.288561253620266,SL,False,5454.762952115614
2025-05-27 14:45:00,2025-05-27 15:00:00,BUY,109326.98,109331.98,0.08,4.4594000000000005,SL,True,5459.222352115614
2025-05-27 15:15:00,2025-05-27 15:30:00,BUY,109591.18,109596.18,0.08,4.4594000000000005,SL,True,5463.681752115614
2025-05-27 15:45:00,2025-05-27 16:00:00,BUY,110093.51,110098.51,0.08,4.4588,SL,True,5468.140552115614
2025-05-27 17:00:00,2025-05-27 17:30:00,BUY,110071.41,110076.41,0.07,3.1660857142857144,SL,True,5471.3066378299
2025-05-27 17:45:00,2025-05-27 18:00:00,BUY,110181.61,110186.61,0.07,3.1660857142857144,SL,True,5474.472723544186
2025-05-27 19:00:00,2025-05-27 19:30:00,BUY,109722.42,109727.42,0.07,3.1777142857142855,SL,True,5477.6504378299005
2025-05-27 19:45:00,2025-05-27 21:15:00,BUY,109826.68,109130.98515752502,0.07,-50.71463897324802,SL,False,5426.935798856653
2025-07-31 08:00:00,2025-07-31 08:30:00,BUY,118657.24,118662.24,0.1,6.13,SL,True,5433.065798856653
2025-07-31 08:45:00,2025-07-31 10:00:00,BUY,118614.26,118619.26,0.1,6.13,SL,True,5439.195798856653
2025-10-04 14:00:00,2025-10-04 15:00:00,BUY,122496.3,121984.15613220252,0.1,-53.01438677974802,SL,False,5386.181412076905
2025-10-04 15:15:00,2025-10-04 15:30:00,BUY,121822.27,121827.27,0.11,6.310909090909091,SL,True,5392.492321167814
2025-10-04 15:45:00,2025-10-04 16:00:00,BUY,121863.9,121868.9,0.11,6.310909090909091,SL,True,5398.8032302587235
2025-10-06 08:00:00,2025-10-06 08:30:00,BUY,123683.64,123688.64,0.08,5.119999999999999,SL,True,5403.923230258723
2025-10-06 08:45:00,2025-10-06 09:00:00,BUY,123874.51,123879.51,0.08,5.119999999999999,SL,True,5409.043230258723
2025-10-06 15:00:00,2025-10-06 15:15:00,BUY,124766.73,124771.73,0.08,5.119999999999999,SL,True,5414.163230258723
2025-10-06 15:30:00,2025-10-06 15:45:00,BUY,125131.36,125136.36,0.08,5.119999999999999,SL,True,5419.283230258723
2025-11-19 17:00:00,2025-11-19 17:30:00,SELL,89277.01,89272.01,0.05,2.4659999999999997,SL,True,5421.7492302587225
2025-11-19 17:45:00,2025-11-19 18:00:00,SELL,89407.81,89402.81,0.05,2.4659999999999997,SL,True,5424.215230258722
2025-11-19 18:15:00,2025-11-19 18:30:00,SELL,88966.82,88961.82,0.05,2.4659999999999997,SL,True,5426.681230258721
2025-11-19 18:45:00,2025-11-19 19:00:00,SELL,89138.25,89133.25,0.05,2.4659999999999997,SL,True,5429.147230258721
2025-11-19 19:15:00,2025-11-19 19:30:00,SELL,88849.45,88844.45,0.05,2.4659999999999997,SL,True,5431.61323025872
2025-11-19 19:45:00,2025-11-19 20:00:00,SELL,88783.67,88778.67,0.05,2.4659999999999997,SL,True,5434.07923025872
2025-11-20 15:00:00,2025-11-20 15:15:00,SELL,90312.01,90307.01,0.06,3.8400000000000003,SL,True,5437.919230258719
2025-11-20 15:30:00,2025-11-20 15:45:00,SELL,90494.03,90489.03,0.06,3.8400000000000003,SL,True,5441.759230258718
2025-11-20 16:00:00,2025-11-20 16:15:00,SELL,88601.18,88596.18,0.06,3.8400000000000003,SL,True,5445.599230258717
2025-11-20 16:30:00,2025-11-20 16:45:00,SELL,88121.72,88116.72,0.06,3.8400000000000003,SL,True,5449.439230258717
2025-11-20 17:00:00,2025-11-20 17:15:00,SELL,86925.34,86920.34,0.05,2.4659999999999997,SL,True,5451.905230258716
2025-11-20 17:30:00,2025-11-20 18:15:00,SELL,86652.48,87607.77284387952,0.05,-48.664642193976036,SL,False,5403.24058806474
2025-11-20 18:30:00,2025-11-20 18:45:00,SELL,86676.01,86671.01,0.05,2.4659999999999997,SL,True,5405.70658806474
2025-11-20 19:00:00,2025-11-20 21:30:00,SELL,86304.25,87380.66918681448,0.05,-54.72095934072422,SL,False,5350.985628724015
2025-11-21 09:00:00,2025-11-21 09:15:00,SELL,83601.11,83596.11,0.04,2.5599999999999996,SL,True,5353.545628724015
2025-11-21 09:30:00,2025-11-21 09:45:00,SELL,82539.04,82534.04,0.04,2.5599999999999996,SL,True,5356.105628724014
2025-11-21 11:00:00,2025-11-21 11:15:00,SELL,82975.89,82970.89,0.04,2.5599999999999996,SL,True,5358.665628724014
2025-11-21 11:30:00,2025-11-21 11:45:00,SELL,82413.65,82408.65,0.04,2.5599999999999996,SL,True,5361.225628724013
2025-11-21 14:00:00,2025-11-21 14:15:00,SELL,83736.38,83731.38,0.03,1.18,SL,True,5362.405628724013
2025-11-21 14:30:00,2025-11-21 14:45:00,SELL,84813.27,84808.27,0.03,1.18,SL,True,5363.585628724012
2025-11-21 17:00:00,2025-11-21 17:15:00,SELL,85046.55,85041.55,0.03,1.18,SL,True,5364.765628724012
2025-11-21 17:30:00,2025-11-21 17:45:00,SELL,85094.89,85089.89,0.03,1.18,SL,True,5365.945628724011
2025-12-01 16:00:00,2025-12-01 16:30:00,SELL,84131.38,84809.7140146096,0.07,-48.74338102267211,SL,False,5317.202247701339
2025-12-01 16:45:00,2025-12-01 17:45:00,SELL,84539.96,85218.29401460961,0.07,-48.74338102267211,SL,False,5268.458866678667
2025-12-07 12:00:00,2025-12-07 13:15:00,SELL,89291.58,89286.58,0.14,8.96,SL,True,5277.418866678667
2025-12-07 15:00:00,2025-12-07 15:15:00,SELL,88873.73,88868.73,0.13,7.591538461538461,SL,True,5285.010405140205
2025-12-07 15:30:00,2025-12-07 15:45:00,SELL,88921.64,89299.9042338608,0.13,-51.5143504019038,SL,False,5233.496054738302
2025-12-07 16:00:00,2025-12-07 16:45:00,SELL,89238.61,89686.11821715646,0.11,-51.2059038872103,SL,False,5182.290150851091
2025-12-15 16:00:00,2025-12-15 16:30:00,SELL,86875.05,86870.05,0.08,5.119999999999999,SL,True,5187.410150851091
2025-12-15 16:45:00,2025-12-15 17:00:00,SELL,86368.28,86363.28,0.08,5.119999999999999,SL,True,5192.530150851091
2025-12-15 17:15:00,2025-12-15 17:30:00,SELL,86176.71,86171.71,0.08,5.119999999999999,SL,True,5197.650150851091
2025-12-15 17:45:00,2025-12-15 18:00:00,SELL,85753.05,85748.05,0.08,5.119999999999999,SL,True,5202.770150851091
2025-12-15 18:15:00,2025-12-15 18:30:00,SELL,85578.14,85573.14,0.08,5.119999999999999,SL,True,5207.890150851091
2025-12-15 18:45:00,2025-12-15 19:00:00,SELL,86171.39,86166.39,0.08,5.119999999999999,SL,True,5213.010150851091
2025-12-17 18:00:00,2025-12-17 18:30:00,SELL,86520.41,86515.41,0.05,2.4659999999999997,SL,True,5215.47615085109
2025-12-17 18:45:00,2025-12-17 19:00:00,SELL,85786.48,85781.48,0.05,2.4659999999999997,SL,True,5217.9421508510895
2025-12-18 19:00:00,2025-12-18 19:15:00,SELL,85617.46,85612.46,0.05,2.4659999999999997,SL,True,5220.408150851089
2025-12-18 19:30:00,2025-12-18 19:45:00,SELL,84647.09,84642.09,0.05,2.4659999999999997,SL,True,5222.874150851088
2025-12-24 16:00:00,2025-12-24 16:15:00,SELL,87057.69,87052.69,0.1,6.3999999999999995,SL,True,5229.274150851089
2025-12-24 16:30:00,2025-12-24 16:45:00,SELL,87461.74,87456.74,0.1,6.3999999999999995,SL,True,5235.6741508510895
2025-12-24 17:00:00,2025-12-24 22:00:00,SELL,87280.06,87781.78045455947,0.1,-51.972045455947224,SL,False,5183.702105395142
2026-01-22 17:00:00,2026-01-22 17:15:00,SELL,89144.24,89139.24,0.09,5.029999999999999,SL,True,5188.732105395143
2026-01-22 17:30:00,2026-01-22 18:15:00,SELL,89138.48,89711.50563929732,0.09,-53.192307536759174,SL,False,5135.539797858383
2026-01-27 19:00:00,2026-01-27 20:15:00,SELL,88099.33,88649.79731341191,0.09,-51.162058207071674,SL,False,5084.3777396513115
2026-01-31 10:00:00,2026-01-31 12:00:00,SELL,82845.75,82840.75,0.08,5.119999999999999,SL,True,5089.497739651311
2026-01-31 15:00:00,2026-01-31 15:15:00,SELL,81142.31,81137.31,0.09,5.029999999999999,SL,True,5094.527739651312
2026-01-31 15:30:00,2026-01-31 16:00:00,SELL,81205.87,81200.87,0.09,5.029999999999999,SL,True,5099.557739651313
2026-01-31 16:15:00,2026-01-31 16:30:00,SELL,80991.79,80986.79,0.07,3.7485714285714287,SL,True,5103.306311079884
2026-01-31 16:45:00,2026-01-31 17:00:00,SELL,80226.9,80221.9,0.07,3.7485714285714287,SL,True,5107.054882508455
2026-01-31 18:00:00,2026-01-31 18:15:00,SELL,78516.05,78511.05,0.05,2.4659999999999997,SL,True,5109.520882508455
2026-01-31 18:30:00,2026-01-31 18:45:00,SELL,77475.76,77470.76,0.05,2.4659999999999997,SL,True,5111.986882508454
2026-01-31 19:00:00,2026-01-31 19:15:00,SELL,78121.57,78116.57,0.05,2.4659999999999997,SL,True,5114.4528825084535
2026-01-31 19:30:00,2026-01-31 20:30:00,SELL,77415.04,77410.04,0.05,2.4659999999999997,SL,True,5116.918882508453
2026-01-31 20:45:00,2026-01-31 21:00:00,SELL,77882.71,77877.71,0.04,2.5599999999999996,SL,True,5119.478882508452
2026-02-01 08:00:00,2026-02-01 08:15:00,SELL,78364.34,78359.34,0.05,2.4659999999999997,SL,True,5121.944882508452
2026-02-01 08:30:00,2026-02-01 08:45:00,SELL,78784.48,78779.48,0.05,2.4659999999999997,SL,True,5124.410882508451
2026-02-01 09:00:00,2026-02-01 10:30:00,SELL,78674.09,78669.09,0.05,2.4659999999999997,SL,True,5126.876882508451
2026-02-01 15:00:00,2026-02-01 15:15:00,SELL,77550.91,77545.91,0.06,3.8400000000000003,SL,True,5130.71688250845
2026-02-01 15:30:00,2026-02-01 18:00:00,SELL,77093.84,77885.33024686274,0.06,-48.56941481176443,SL,False,5082.147467696685
2026-02-01 18:15:00,2026-02-01 18:30:00,SELL,78087.28,78082.28,0.06,3.8400000000000003,SL,True,5085.987467696685
2026-02-01 18:45:00,2026-02-01 19:00:00,SELL,77942.04,77937.04,0.06,3.8400000000000003,SL,True,5089.827467696684
2026-02-03 16:00:00,2026-02-03 16:15:00,SELL,77296.69,77291.69,0.07,3.7485714285714287,SL,True,5093.576039125255
2026-02-03 16:30:00,2026-02-03 16:45:00,SELL,76682.95,76677.95,0.07,3.7485714285714287,SL,True,5097.3246105538265
2026-02-03 17:00:00,2026-02-03 17:30:00,SELL,75624.98,75619.98,0.06,3.8400000000000003,SL,True,5101.164610553826
2026-02-03 17:45:00,2026-02-03 18:00:00,SELL,74813.09,74808.09,0.06,3.8400000000000003,SL,True,5105.004610553825
2026-02-03 18:15:00,2026-02-03 18:30:00,SELL,74016.7,74011.7,0.06,3.8400000000000003,SL,True,5108.844610553824
2026-02-03 18:45:00,2026-02-03 19:00:00,SELL,73060.63,73055.63,0.06,3.8400000000000003,SL,True,5112.684610553823
2026-02-03 19:15:00,2026-02-03 19:30:00,SELL,74842.54,74837.54,0.05,2.4659999999999997,SL,True,5115.150610553823
2026-02-03 19:45:00,2026-02-03 20:00:00,SELL,74830.98,74825.98,0.05,2.4659999999999997,SL,True,5117.616610553822
2026-02-03 20:15:00,2026-02-03 20:30:00,SELL,75570.14,76523.24082255541,0.05,-48.55504112777053,SL,False,5069.061569426051
2026-02-03 20:45:00,2026-02-03 21:30:00,SELL,76375.43,76370.43,0.05,2.4659999999999997,SL,True,5071.527569426051
2026-02-04 15:00:00,2026-02-04 15:15:00,SELL,74741.0,74736.0,0.06,3.8400000000000003,SL,True,5075.36756942605
2026-02-04 15:30:00,2026-02-04 15:45:00,SELL,74236.41,74231.41,0.06,3.8400000000000003,SL,True,5079.207569426049
2026-02-04 16:00:00,2026-02-04 16:15:00,SELL,73774.7,73769.7,0.06,3.8400000000000003,SL,True,5083.0475694260485
2026-02-04 16:30:00,2026-02-04 17:00:00,SELL,72987.9,72982.9,0.06,3.8400000000000003,SL,True,5086.887569426048
2026-02-04 17:15:00,2026-02-04 17:30:00,SELL,72352.85,72347.85,0.05,2.4659999999999997,SL,True,5089.353569426047
2026-02-04 17:45:00,2026-02-04 18:00:00,SELL,72423.77,72418.77,0.05,2.4659999999999997,SL,True,5091.819569426047
2026-02-04 18:15:00,2026-02-04 19:15:00,SELL,73266.07,73261.07,0.05,2.4659999999999997,SL,True,5094.285569426046
2026-02-04 19:30:00,2026-02-04 19:45:00,SELL,73456.57,73451.57,0.05,2.4659999999999997,SL,True,5096.7515694260455
2026-02-05 13:00:00,2026-02-05 13:15:00,SELL,69354.3,69349.3,0.04,2.5599999999999996,SL,True,5099.311569426045
2026-02-05 13:30:00,2026-02-05 14:30:00,SELL,69297.05,70325.41101846675,0.04,-41.85444073866994,SL,False,5057.457128687375
2026-02-05 14:45:00,2026-02-05 15:00:00,SELL,69285.7,69280.7,0.04,2.5599999999999996,SL,True,5060.017128687375
2026-02-05 15:15:00,2026-02-05 15:30:00,SELL,66706.74,66701.74,0.04,2.5599999999999996,SL,True,5062.577128687374
2026-02-05 15:45:00,2026-02-05 16:00:00,SELL,67368.8,67363.8,0.04,2.5599999999999996,SL,True,5065.137128687374
2026-02-05 16:15:00,2026-02-05 16:30:00,SELL,68034.15,68029.15,0.04,2.5599999999999996,SL,True,5067.697128687373
2026-02-05 16:45:00,2026-02-05 17:00:00,SELL,68168.46,68163.46,0.04,2.5599999999999996,SL,True,5070.257128687373
2026-02-05 17:15:00,2026-02-05 17:30:00,SELL,67285.16,67280.16,0.04,2.5599999999999996,SL,True,5072.817128687372
2026-02-05 17:45:00,2026-02-05 18:15:00,SELL,66052.97,66047.97,0.04,2.5599999999999996,SL,True,5075.377128687372
2026-02-05 18:30:00,2026-02-05 18:45:00,SELL,65641.9,65636.9,0.04,2.5599999999999996,SL,True,5077.937128687371
2026-02-05 19:00:00,2026-02-05 19:15:00,SELL,66169.28,66164.28,0.04,2.5599999999999996,SL,True,5080.497128687371
2026-02-05 19:30:00,2026-02-05 19:45:00,SELL,65671.27,65666.27,0.04,2.5599999999999996,SL,True,5083.05712868737
2026-02-11 08:00:00,2026-02-11 11:15:00,SELL,66867.05,66862.05,0.07,3.7485714285714287,SL,True,5086.805700115941
2026-02-11 16:00:00,2026-02-11 16:15:00,SELL,67117.84,67112.84,0.05,2.4659999999999997,SL,True,5089.271700115941
2026-02-11 16:30:00,2026-02-11 16:45:00,SELL,66094.77,66089.77,0.05,2.4659999999999997,SL,True,5091.73770011594
2026-02-11 17:00:00,2026-02-11 18:30:00,SELL,66219.11,67122.2601306351,0.05,-46.05750653175492,SL,False,5045.680193584185
2026-02-12 17:00:00,2026-02-12 17:45:00,SELL,65691.16,65686.16,0.06,3.8400000000000003,SL,True,5049.520193584184
2026-02-12 18:00:00,2026-02-12 18:15:00,SELL,65636.1,65631.1,0.06,3.8400000000000003,SL,True,5053.360193584183
2026-02-12 18:30:00,2026-02-12 19:00:00,SELL,65387.5,65382.5,0.06,3.8400000000000003,SL,True,5057.200193584183
2026-02-13 09:00:00,2026-02-13 13:15:00,SELL,66624.4,67234.44787660813,0.08,-50.24383012865088,SL,False,5006.956363455532
2026-02-17 12:00:00,2026-02-17 12:45:00,SELL,68029.96,68024.96,0.1,6.3999999999999995,SL,True,5013.356363455532
2026-02-17 16:00:00,2026-02-17 16:15:00,SELL,67707.05,67702.05,0.09,5.029999999999999,SL,True,5018.386363455533
2026-02-17 16:30:00,2026-02-17 16:45:00,SELL,67665.81,67660.81,0.09,5.029999999999999,SL,True,5023.416363455533
2026-02-17 17:00:00,2026-02-17 17:30:00,SELL,67217.23,67212.23,0.08,5.119999999999999,SL,True,5028.536363455533
2026-02-17 17:45:00,2026-02-17 18:30:00,SELL,67199.64,67810.57060723103,0.08,-50.314448578482256,SL,False,4978.221914877051
2026-02-19 11:00:00,2026-02-19 13:00:00,SELL,66880.87,66227.27022120332,0.11,45.22689581870972,TP,True,5023.448810695761
2026-02-19 13:15:00,2026-02-19 13:30:00,SELL,66143.52,66138.52,0.11,6.310909090909091,SL,True,5029.75971978667
2026-02-19 13:45:00,2026-02-19 14:30:00,SELL,65895.79,65890.79,0.11,6.310909090909091,SL,True,5036.070628877579
2026-02-19 14:45:00,2026-02-19 15:00:00,SELL,66387.13,66382.13,0.11,6.310909090909091,SL,True,5042.381537968488
2026-02-19 15:15:00,2026-02-19 15:30:00,SELL,66016.16,66469.06866621914,0.11,-51.79995328410543,SL,False,4990.5815846843825
2026-02-19 15:45:00,2026-02-19 16:00:00,SELL,66357.71,66352.71,0.11,6.310909090909091,SL,True,4996.892493775292
2026-02-19 16:15:00,2026-02-19 17:00:00,SELL,66151.64,66653.26019006062,0.09,-46.76581710545622,SL,False,4950.126676669835
2026-02-19 17:15:00,2026-02-19 17:45:00,SELL,66588.34,66583.34,0.09,5.029999999999999,SL,True,4955.156676669836
2026-02-23 16:00:00,2026-02-23 16:30:00,SELL,65204.55,65700.81593456748,0.09,-46.28393411107288,SL,False,4908.872742558763
2026-02-23 16:45:00,2026-02-23 17:00:00,SELL,65351.64,65346.64,0.09,5.029999999999999,SL,True,4913.902742558764
2026-02-23 17:15:00,2026-02-23 17:30:00,SELL,64567.35,64562.35,0.09,5.029999999999999,SL,True,4918.932742558764
2026-02-23 17:45:00,2026-02-23 18:00:00,SELL,64802.2,64797.2,0.09,5.029999999999999,SL,True,4923.962742558765
2026-02-23 19:00:00,2026-02-23 19:15:00,SELL,64688.64,64683.64,0.08,5.119999999999999,SL,True,4929.082742558765
2026-02-23 19:30:00,2026-02-23 20:00:00,SELL,64200.33,64195.33,0.08,5.119999999999999,SL,True,4934.202742558765
2026-02-24 14:00:00,2026-02-24 14:30:00,SELL,62928.57,62923.57,0.08,5.119999999999999,SL,True,4939.322742558765
2026-02-24 14:45:00,2026-02-24 15:00:00,SELL,63455.54,63450.54,0.08,5.119999999999999,SL,True,4944.442742558765
2026-02-24 15:15:00,2026-02-24 15:30:00,SELL,63916.7,63911.7,0.08,5.119999999999999,SL,True,4949.5627425587645
2026-02-24 15:45:00,2026-02-24 16:30:00,SELL,63958.74,63953.74,0.08,5.119999999999999,SL,True,4954.682742558764
2026-02-27 16:00:00,2026-02-27 16:30:00,SELL,65896.2,65891.2,0.08,5.119999999999999,SL,True,4959.802742558764
2026-02-27 16:45:00,2026-02-27 17:15:00,SELL,65469.01,65464.01,0.08,5.119999999999999,SL,True,4964.922742558764
2026-02-28 08:00:00,2026-02-28 08:15:00,SELL,63611.07,63606.07,0.08,5.119999999999999,SL,True,4970.042742558764
2026-02-28 08:30:00,2026-02-28 08:45:00,SELL,63610.26,63605.26,0.08,5.119999999999999,SL,True,4975.162742558764
2026-02-28 09:00:00,2026-02-28 09:30:00,SELL,63694.53,63689.53,0.07,3.7485714285714287,SL,True,4978.911313987335
2026-02-28 09:45:00,2026-02-28 10:00:00,SELL,63644.75,63639.75,0.07,3.7485714285714287,SL,True,4982.6598854159065
